{
    "indicators": {
        "rsi": {
            "period": 14,
            "average_type": "ema"
        },
        "macd": {
            "fast_period": 12,
            "slow_period": 26,
            "signal_period": 9
        },
        "emas": [
            12,
            16,
            50,
            200
        ],
        "vix": true,
        "interest_rate": "EFFR",
        "unemployment_rate": "UNRATE",
        "consumer_sentiment": "UMCSENT",
        "us_dollar_index": true
    },
    "features_scaler": [
        564.8599853515625,
        871026300.0,
        87.03092924172215,
        9.322867095228673,
        8.251039638778678,
        556.229775261567,
        554.206619039772,
        541.9973306961645,
        504.7399267344108,
        82.69000244140625,
        5.41,
        14.8,
        101.4,
        114.11000061035156
    ],
    "target_scaler": [
        564.8599853515625
    ],
    "feature_columns": [
        "Close",
        "Volume",
        "RSI",
        "MACD",
        "Signal Line",
        "EMA_12",
        "EMA_16",
        "EMA_50",
        "EMA_200",
        "VIX",
        "Interest Rate",
        "Unemployment Rate",
        "Consumer Sentiment",
        "US Dollar Index"
    ],
    "n_input": 5,
    "n_obs": 75
}